name,name_hiragana,name_english,search_terms
Gucci,,Gucci,"{gucci,グッチ}"
Prada,,Prada,"{prada,プラダ}"
Louis Vuitton,,Louis Vuitton,"{louis vuitton,ルイヴィトン,ルイビトン}"
Dior,,Dior,"{dior,ディオール}"
Chanel,,Chanel,"{chanel,シャネル}"
Hermès,,Hermes,"{hermes,エルメス}"
Burberry,,Burberry,"{burberry,バーバリー}"
Balenciaga,,Balenciaga,"{balenciaga,バレンシアガ}"
Saint Laurent,,Saint Laurent,"{saint laurent,サンローラン,イヴサンローラン}"
Versace,,Versace,"{versace,ヴェルサーチ}"
Fendi,,Fendi,"{fendi,フェンディ}"
Givenchy,,Givenchy,"{givenchy,ジバンシィ,ジバンシー}"
Valentino,,Valentino,"{valentino,ヴァレンティノ}"
Bottega Veneta,,Bottega Veneta,"{bottega veneta,ボッテガヴェネタ}"
Celine,,Celine,"{celine,セリーヌ}"
Alexander McQueen,,Alexander McQueen,"{alexander mcqueen,アレキサンダーマックイーン}"
Loewe,,Loewe,"{loewe,ロエベ}"
Miu Miu,,Miu Miu,"{miu miu,ミュウミュウ}"
Tom Ford,,Tom Ford,"{tom ford,トムフォード}"
Balmain,,Balmain,"{balmain,バルマン}"
Dolce & Gabbana,,Dolce & Gabbana,"{dolce & gabbana,ドルチェ&ガッバーナ,ドルガバ}"
Armani,,Armani,"{armani,アルマーニ}"
Salvatore Ferragamo,,Salvatore Ferragamo,"{salvatore ferragamo,フェラガモ}"
Cartier,,Cartier,"{cartier,カルティエ}"
Rolex,,Rolex,"{rolex,ロレックス}"
Tiffany & Co.,,Tiffany & Co.,"{tiffany,ティファニー}"
Bulgari,,Bulgari,"{bulgari,bvlgari,ブルガリ}"
Montblanc,,Montblanc,"{montblanc,モンブラン}"
Brunello Cucinelli,,Brunello Cucinelli,"{brunello cucinelli,ブルネロクチネリ}"
Max Mara,,Max Mara,"{max mara,マックスマーラ}"
ユニクロ,ゆにくろ,UNIQLO,"{uniqlo,ユニクロ,ゆにくろ}"
GU,じーゆー,GU,"{gu,ジーユー}"
無印良品,むじるしりょうひん,MUJI,"{muji,無印,むじ}"
H&M,えいちあんどえむ,H&M,"{h&m,エイチアンドエム}"
ZARA,ざら,ZARA,"{zara,ザラ}"
GAP,ぎゃっぷ,GAP,"{gap,ギャップ}"
BEAMS,びーむす,BEAMS,"{beams,ビームス}"
ナイキ,ないき,NIKE,"{nike,ナイキ}"
アディダス,あでぃだす,Adidas,"{adidas,アディダス}"
プーマ,ぷーま,PUMA,"{puma,プーマ}"
リーバイス,りーばいす,Levi's,"{levis,levi's,リーバイス}"
ラコステ,らこすて,Lacoste,"{lacoste,ラコステ}"
ポロ・ラルフローレン,ぽろらるふろーれん,Polo Ralph Lauren,"{polo ralph lauren,ポロラルフローレン,ラルフローレン}"
Under Armour,,Under Armour,"{under armour,アンダーアーマー}"
New Balance,,New Balance,"{new balance,ニューバランス}"
Reebok,,Reebok,"{reebok,リーボック}"
Vans,,Vans,"{vans,ヴァンズ,バンズ}"
Converse,,Converse,"{converse,コンバース}"
Champion,,Champion,"{champion,チャンピオン}"
Columbia,,Columbia,"{columbia,コロンビア}"
Patagonia,,Patagonia,"{patagonia,パタゴニア}"
The North Face,,The North Face,"{the north face,ノースフェイス}"
Timberland,,Timberland,"{timberland,ティンバーランド}"
L.L.Bean,,L.L.Bean,"{l.l.bean,llbean,エルエルビーン}"
ASICS,あしっくす,ASICS,"{asics,アシックス}"
Mizuno,みずの,Mizuno,"{mizuno,ミズノ}"
Onitsuka Tiger,おにつかたいがー,Onitsuka Tiger,"{onitsuka tiger,オニツカタイガー}"
Descente,でせんと,Descente,"{descente,デサント}"
Yonex,よねっくす,Yonex,"{yonex,ヨネックス}"
Supreme,,Supreme,"{supreme,シュプリーム}"
A Bathing Ape,,A Bathing Ape,"{a bathing ape,bape,アベイシングエイプ}"
Off-White,,Off-White,"{off-white,オフホワイト}"
Stussy,,Stussy,"{stussy,ステューシー,ストゥーシー}"
Stone Island,,Stone Island,"{stone island,ストーンアイランド}"
Comme des Garçons,,Comme des Garçons,"{comme des garcons,コムデギャルソン}"
sacai,,sacai,"{sacai,サカイ}"
ISSEY MIYAKE,,ISSEY MIYAKE,"{issey miyake,イッセイミヤケ}"
Yohji Yamamoto,,Yohji Yamamoto,"{yohji yamamoto,ヨウジヤマモト}"
UNITED ARROWS,ゆないてっどあろーず,UNITED ARROWS,"{united arrows,ユナイテッドアローズ,ゆないてっどあろーず}"
Nano Universe,なのゆにばーす,Nano Universe,"{nano universe,ナノユニバース}"
JOURNAL STANDARD,じゃーなるすたんだーど,JOURNAL STANDARD,"{journal standard,ジャーナルスタンダード}"
SHIPS,しっぷす,SHIPS,"{ships,シップス}"
earth music & ecology,あーすみゅーじっくあんどえころじー,earth music & ecology,"{earth music & ecology,アースミュージックアンドエコロジー}"
WEGO,うぃーごー,WEGO,"{wego,ウィゴー}"
Right-on,らいとおん,Right-on,"{right-on,ライトオン}"
EMODA,えもだ,EMODA,"{emoda,エモダ}"
MOUSSY,もうしー,MOUSSY,"{moussy,マウジー}"
SLY,,SLY,"{sly,スライ}"
Ungrid,,Ungrid,"{ungrid,アングリッド}"
Snidel,,Snidel,"{snidel,スナイデル}"
TOMORROWLAND,とぅもろーらんど,TOMORROWLAND,"{tomorrowland,トゥモローランド}"
BEAUTY & YOUTH,,BEAUTY & YOUTH,"{beauty & youth,ビューティアンドユース}"
visvim,,visvim,"{visvim,ビズビム}"
NEIGHBORHOOD,,NEIGHBORHOOD,"{neighborhood,ネイバーフッド}"
WTAPS,,WTAPS,"{wtaps,ダブルタップス}"
UNDERCOVER,,UNDERCOVER,"{undercover,アンダーカバー}"
Bershka,,Bershka,"{bershka,ベルシュカ}"
Stradivarius,,Stradivarius,"{stradivarius,ストラディバリウス}"
Pull & Bear,,Pull & Bear,"{pull & bear,プルアンドベア}"
Massimo Dutti,,Massimo Dutti,"{massimo dutti,マッシモドゥッティ}"
Forever 21,,Forever 21,"{forever 21,フォーエバー21}"
American Eagle,,American Eagle Outfitters,"{american eagle,american eagle outfitters,アメリカンイーグル}"
Urban Outfitters,,Urban Outfitters,"{urban outfitters,アーバンアウトフィッターズ}"
Abercrombie & Fitch,,Abercrombie & Fitch,"{abercrombie & fitch,abercrombie,アバクロンビー}"
Hollister,,Hollister,"{hollister,ホリスター}"
Express,,Express,"{express,エクスプレス}"
Old Navy,,Old Navy,"{old navy,オールドネイビー}"
Banana Republic,,Banana Republic,"{banana republic,バナナリパブリック}"
J.Crew,,J.Crew,"{j.crew,jcrew,ジェイクルー}"
Anthropologie,,Anthropologie,"{anthropologie,アンソロポロジー}"
Madewell,,Madewell,"{madewell,メイドウェル}"
Coach,,Coach,"{coach,コーチ}"
Michael Kors,,Michael Kors,"{michael kors,マイケルコース}"
Kate Spade,,Kate Spade,"{kate spade,ケイトスペード}"
Tory Burch,,Tory Burch,"{tory burch,トリーバーチ}"
Guess,,Guess,"{guess,ゲス}"
Tommy Hilfiger,,Tommy Hilfiger,"{tommy hilfiger,トミーヒルフィガー}"
Calvin Klein,,Calvin Klein,"{calvin klein,カルバンクライン}"
DKNY,,DKNY,"{dkny,ディーケーエヌワイ}"
Diesel,,Diesel,"{diesel,ディーゼル}"
G-Star RAW,,G-Star RAW,"{g-star raw,gstar,ジースターロウ}"
Superdry,,Superdry,"{superdry,シューパードライ}"
Canada Goose,,Canada Goose,"{canada goose,カナダグース}"
Moncler,,Moncler,"{moncler,モンクレール}"
Arc'teryx,,Arc'teryx,"{arc'teryx,アークテリクス}"
Helly Hansen,,Helly Hansen,"{helly hansen,ヘリーハンセン}"
Oakley,,Oakley,"{oakley,オークリー}"
Ray-Ban,,Ray-Ban,"{ray-ban,レイバン}"
Fossil,,Fossil,"{fossil,フォッシル}"
Swatch,,Swatch,"{swatch,スウォッチ}"
CASIO,かしお,CASIO,"{casio,カシオ}"
Seiko,せいこー,Seiko,"{seiko,セイコー}"
Citizen,してぃずん,Citizen,"{citizen,シチズン}"
Orient,おりえんと,Orient,"{orient,オリエント}"
Montbell,もんべる,mont-bell,"{montbell,モンベル}"
Snow Peak,すのーぴーく,Snow Peak,"{snow peak,スノーピーク}"
Fila,,Fila,"{fila,フィラ}"
Kappa,,Kappa,"{kappa,カッパ}"
Umbro,,Umbro,"{umbro,アンブロ}"
Diadora,,Diadora,"{diadora,ディアドラ}"
Dr. Martens,,Dr. Martens,"{dr. martens,ドクターマーチン,ドクターマーチンズ}"
Crocs,,Crocs,"{crocs,クロックス}"
Skechers,,Skechers,"{skechers,スケッチャーズ}"
Birkenstock,,Birkenstock,"{birkenstock,ビルケンシュトック}"
UGG,,UGG,"{ugg,アグ}"
Havaianas,,Havaianas,"{havaianas,ハワイアナス}"
TOMS,,TOMS,"{toms,トムズ}"
Jimmy Choo,,Jimmy Choo,"{jimmy choo,ジミーチュウ}"
Manolo Blahnik,,Manolo Blahnik,"{manolo blahnik,マノロブラニク}"
Christian Louboutin,,Christian Louboutin,"{christian louboutin,クリスチャンルブタン}"
Carhartt WIP,,Carhartt WIP,"{carhartt wip,carhartt,カーハート}"
Dickies,,Dickies,"{dickies,ディッキーズ}"
Le Coq Sportif,,Le Coq Sportif,"{le coq sportif,ルコックスポルティフ}"
Evisu,えびす,Evisu,"{evisu,エビスジーンズ,エヴィス}"
Samurai Jeans,さむらいじーんず,Samurai Jeans,"{samurai jeans,サムライジーンズ}"
Sugar Cane,,Sugar Cane,"{sugar cane,シュガーケーン}"
Studio D'Artisan,,Studio D'Artisan,"{studio d'artisan,ステュディオダルチザン}"
Pure Blue Japan,,Pure Blue Japan,"{pure blue japan,ピュアブルージャパン}"
Momotaro Jeans,ももたろうじーんず,Momotaro Jeans,"{momotaro jeans,桃太郎ジーンズ}"
Japan Blue Jeans,,Japan Blue Jeans,"{japan blue jeans,ジャパンブルージーンズ}"
True Religion,,True Religion,"{true religion,トゥルーレリジョン}"
Pepe Jeans,,Pepe Jeans,"{pepe jeans,ペペジーンズ}"
Lucky Brand,,Lucky Brand,"{lucky brand,ラッキーブランド}"
Wrangler,,Wrangler,"{wrangler,ラングラー}"
Lee,,Lee,"{lee,リー}"
Alexander Wang,,Alexander Wang,"{alexander wang,アレキサンダーワン}"
Marc Jacobs,,Marc Jacobs,"{marc jacobs,マークジェイコブス}"
3.1 Phillip Lim,,3.1 Phillip Lim,"{3.1 phillip lim,フィリップリム}"
Proenza Schouler,,Proenza Schouler,"{proenza schouler,プロエンザスクーラー}"
Rick Owens,,Rick Owens,"{rick owens,リックオウエンス}"
Vetements,,Vetements,"{vetements,ヴェトモン}"
Maison Margiela,,Maison Margiela,"{maison margiela,margiela,メゾンマルジェラ}"
Dries Van Noten,,Dries Van Noten,"{dries van noten,ドリスヴァンノッテン}"
Acne Studios,,Acne Studios,"{acne studios,アクネストゥディオズ}"
Kenzo,,Kenzo,"{kenzo,ケンゾー}"
Moschino,,Moschino,"{moschino,モスキーノ}"
Etro,,Etro,"{etro,エトロ}"
Paul Smith,,Paul Smith,"{paul smith,ポールスミス}"
Vivienne Westwood,,Vivienne Westwood,"{vivienne westwood,ヴィヴィアンウエストウッド}"
Outdoor Research,,Outdoor Research,"{outdoor research,アウトドアリサーチ}"
Black Diamond,,Black Diamond,"{black diamond,ブラックダイヤモンド}"
Salomon,,Salomon,"{salomon,サロモン}"
Mammut,,Mammut,"{mammut,マムート}"
Merrell,,Merrell,"{merrell,メレル}"
KEEN,,KEEN,"{keen,キーン}"
Eddie Bauer,,Eddie Bauer,"{eddie bauer,エディーバウアー}"
SHEIN,,SHEIN,"{shein,シーイン}"
Boohoo,,Boohoo,"{boohoo,ブーフー}"
ASOS,,ASOS,"{asos,エイソス}"
Lululemon,,Lululemon,"{lululemon,lululemon athletica,ルルレモン}"
Gymshark,,Gymshark,"{gymshark,ジムシャーク}"
Outdoor Voices,,Outdoor Voices,"{outdoor voices,アウトドアボイセズ}"
PacSun,,PacSun,"{pacsun,パクサン}"
Brandy Melville,,Brandy Melville,"{brandy melville,ブランディーメルビル}"
Marks & Spencer,,Marks & Spencer,"{marks & spencer,m&s,マークスアンドスペンサー}"
Next,,Next,"{next,ネクスト}"
River Island,,River Island,"{river island,リバーアイランド}"
Topshop,,Topshop,"{topshop,トップショップ}"
Primark,,Primark,"{primark,プライマーク}"
Superga,,Superga,"{superga,スペルガ}"
Saucony,,Saucony,"{saucony,サッカニー}"
Brooks,,Brooks,"{brooks,ブルックス}"
Altra,,Altra,"{altra,アルトラ}"
Hoka One One,,Hoka One One,"{hoka one one,hoka,ホカオネオネ}"
Marmot,,Marmot,"{marmot,マーモット}"
Jack Wolfskin,,Jack Wolfskin,"{jack wolfskin,ジャックウルフスキン}"
Kathmandu,,Kathmandu,"{kathmandu,カトマンドゥ}"
Prana,,Prana,"{prana,プラナ}"
Icebreaker,,Icebreaker,"{icebreaker,アイスブレーカー}"
Cotopaxi,,Cotopaxi,"{cotopaxi,コトパクシ}"
Vuori,,Vuori,"{vuori,ヴオリ}"
Sperry,,Sperry,"{sperry,スペリー}"
Keds,,Keds,"{keds,ケッズ}"
Vionic,,Vionic,"{vionic,バイオニック}"
Aldo,,Aldo,"{aldo,アルド}"
Steve Madden,,Steve Madden,"{steve madden,スティーブマデン}"
Nine West,,Nine West,"{nine west,ナインウエスト}"
Ann Taylor,,Ann Taylor,"{ann taylor,アンテイラー}"
LOFT,,LOFT,"{loft,ロフト,ann taylor loft}"
Talbots,,Talbots,"{talbots,タルボット}"
Chico's,,Chico's,"{chico's,チコス}"
Lane Bryant,,Lane Bryant,"{lane bryant,レーンブライアント}"
Torrid,,Torrid,"{torrid,トリッド}"
Victoria's Secret,,Victoria's Secret,"{victoria's secret,ヴィクトリアズシークレット}"
PINK,,Pink,"{pink,ヴィクシー,ヴィクトリアズシークレットピンク}"
Lands' End,,Lands' End,"{lands' end,ランズエンド}"
Carolina Herrera,,Carolina Herrera,"{carolina herrera,キャロリーナヘレラ}"
Hugo Boss,,Hugo Boss,"{hugo boss,ヒューゴボス}"
Ermenegildo Zegna,,Ermenegildo Zegna,"{zegna,ermenegildo zegna,ゼニア}"
Brioni,,Brioni,"{brioni,ブリオーニ}"
Canali,,Canali,"{canali,カナーリ}"
Kiton,,Kiton,"{kiton,キートン}"
Corneliani,,Corneliani,"{corneliani,コルネリアーニ}"
Boggi Milano,,Boggi Milano,"{boggi milano,ボッジミラノ}"
Suitsupply,,Suitsupply,"{suitsupply,スーツサプライ}"
Ted Baker,,Ted Baker,"{ted baker,テッドベーカー}"
Reiss,,Reiss,"{reiss,リース}"
Barbour,,Barbour,"{barbour,バブアー}"
Belstaff,,Belstaff,"{belstaff,ベルスタッフ}"
Fred Perry,,Fred Perry,"{fred perry,フレッドペリー}"
Gant,,Gant,"{gant,ガント}"
Ben Sherman,,Ben Sherman,"{ben sherman,ベンシャーマン}"
Hackett,,Hackett,"{hackett,ハケット}"
Li-Ning,,Li-Ning,"{li-ning,リーニン}"
Anta,,Anta,"{anta,アンタ}"
Jordan Brand,,Jordan Brand,"{jordan,jordan brand,ジョーダン}"
DC Shoes,,DC Shoes,"{dc shoes,ディースィーシューズ}"
Etnies,,Etnies,"{etnies,エトニーズ}"
Element,,Element,"{element,エレメント}"
Volcom,,Volcom,"{volcom,ボルコム}"
Quiksilver,,Quiksilver,"{quiksilver,クイックシルバー}"
Billabong,,Billabong,"{billabong,ビラボン}"
Rip Curl,,Rip Curl,"{rip curl,リップカール}"
O'Neill,,O'Neill,"{o'neill,オニール}"
Roxy,,Roxy,"{roxy,ロキシー}"
Hurley,,Hurley,"{hurley,ハーレー}"
RVCA,,RVCA,"{rvca,ルーカ}"
Airwalk,,Airwalk,"{airwalk,エアウォーク}"
Zoo York,,Zoo York,"{zoo york,ズーヨーク}"
Mitchell & Ness,,Mitchell & Ness,"{mitchell & ness,ミッチェルアンドネス}"
New Era,,New Era,"{new era,ニューエラ}"
Flexfit,,Flexfit,"{flexfit,フレックスフィット}"
Stance,,Stance,"{stance,スタンス}"
Happy Socks,,Happy Socks,"{happy socks,ハッピーソックス}"
UNTUCKit,,UNTUCKit,"{untuckit,アンタックイット}"
Bonobos,,Bonobos,"{bonobos,ボノボス}"
Everlane,,Everlane,"{everlane,エバーレーン}"
Warby Parker,,Warby Parker,"{warby parker,ワービーパーカー}"
Allbirds,,Allbirds,"{allbirds,オールバーズ}"
Peter Millar,,Peter Millar,"{peter millar,ピーターミラー}"
Southern Tide,,Southern Tide,"{southern tide,サザンタイド}"
Vineyard Vines,,Vineyard Vines,"{vineyard vines,ヴィニヤードバインズ}"
Johnnie-O,,Johnnie-O,"{johnnie-o,ジョニオ}"
American Giant,,American Giant,"{american giant,アメリカンジャイアント}"
Alpha Industries,,Alpha Industries,"{alpha industries,アルファインダストリーズ}"
Schott NYC,,Schott NYC,"{schott nyc,ショット}"
Woolrich,,Woolrich,"{woolrich,ウールリッチ}"
Filson,,Filson,"{filson,フィルソン}"
Deus Ex Machina,,Deus Ex Machina,"{deus ex machina,デウスエクスマキナ}"
Chrome Industries,,Chrome Industries,"{chrome industries,クロムインダストリーズ}"
Fjallraven,,Fjallraven,"{fjallraven,fjällräven,フェールラーベン}"
Gramicci,,Gramicci,"{gramicci,グラミチ}"
A.P.C.,,A.P.C.,"{a.p.c.,apc,アーペーセー}"
Rag & Bone,,Rag & Bone,"{rag & bone,rag and bone,ラグアンドボーン}"
Theory,,Theory,"{theory,セオリー}"
Helmut Lang,,Helmut Lang,"{helmut lang,ヘルムートラング}"
Jil Sander,,Jil Sander,"{jil sander,ジルサンダー}"
Thom Browne,,Thom Browne,"{thom browne,トムブラウン}"
Goyard,,Goyard,"{goyard,ゴヤール}"
Rimowa,,Rimowa,"{rimowa,リモワ}"
Samsonite,,Samsonite,"{samsonite,サムソナイト}"
Herschel Supply Co.,,Herschel Supply,"{herschel,herschel supply,ハーシェル}"
Tumi,,Tumi,"{tumi,トゥミ}"
Kipling,,Kipling,"{kipling,キプリング}"
Eastpak,,Eastpak,"{eastpak,イーストパック}"
JanSport,,JanSport,"{jansport,ジャンスポーツ}"
Cath Kidston,,Cath Kidston,"{cath kidston,キャスキッドソン}"
Longchamp,,Longchamp,"{longchamp,ロンシャン}"
Osprey,,Osprey,"{osprey,オスプレー}"
Deuter,,Deuter,"{deuter,ドイター}"
Gregory,,Gregory,"{gregory,グレゴリー}"
Mystery Ranch,,Mystery Ranch,"{mystery ranch,ミステリーランチ}"
Lowe Alpine,,Lowe Alpine,"{lowe alpine,ローアルパイン}"
CamelBak,,CamelBak,"{camelbak,キャメルバック}"
Black Yak,,Black Yak,"{black yak,ブラックヤック}"
Y-3,,Y-3,"{y-3,y3,ワイスリー}"
Brooks Brothers,,Brooks Brothers,"{brooks brothers,ブルックスブラザーズ}"
Charles Tyrwhitt,,Charles Tyrwhitt,"{charles tyrwhitt,チャールズティアウィット,チャールズタイリット}"
Turnbull & Asser,,Turnbull & Asser,"{turnbull & asser,ターンブルアンドアッサー}"
Oxxford Clothes,,Oxxford Clothes,"{oxxford clothes,オックスフォードクローズ}"
Huntsman & Sons,,Huntsman & Sons,"{huntsman & sons,huntsman,ハンツマン}"
Henry Poole & Co.,,Henry Poole,"{henry poole,ヘンリープール}"
Gieves & Hawkes,,Gieves & Hawkes,"{gieves & hawkes,ギーブスアンドホークス}"
Loro Piana,,Loro Piana,"{loro piana,ロロピアーナ}"
Cesare Attolini,,Cesare Attolini,"{cesare attolini,チェザレアットリーニ}"
Isaia,,Isaia,"{isaia,イザイア}"
Luciano Barbera,,Luciano Barbera,"{luciano barbera,ルチアーノバルベラ}"
Sartorio,,Sartorio,"{sartorio,サルトリオ}"
Stefano Ricci,,Stefano Ricci,"{stefano ricci,ステファノリッチ}"
Boglioli,,Boglioli,"{boglioli,ボリオリ}"
Pal Zileri,,Pal Zileri,"{pal zileri,パルジレリ}"
Hickey Freeman,,Hickey Freeman,"{hickey freeman,ヒッキーフリーマン}"
Jos. A. Bank,,Jos. A. Bank,"{jos. a. bank,jos a bank,ジョスエーバンク}"
Indochino,,Indochino,"{indochino,インドチノ}"
Spier & Mackay,,Spier & Mackay,"{spier & mackay,スピアーアンドマッケイ}"
Drake's,,Drake's,"{drake's,drakes,ドレイクス}"
AOKI,あおき,AOKI,"{aoki,アオキ}"
洋服の青山,ようふくのあおやま,Yofuku no Aoyama,"{yofuku no aoyama,青山,洋服の青山}"
THE SUIT COMPANY,ざすーつかんぱにー,THE SUIT COMPANY,"{the suit company,スーツカンパニー,ザスーツカンパニー}"
ORIHICA,おりひか,ORIHICA,"{orihica,オリヒカ}"
P.S.FA,ぴーえすえふえー,P.S.FA,"{p.s.fa,psfa,ピーエスエフエー}"
GLOBAL STYLE,ぐろーばるすたいる,GLOBAL STYLE,"{global style,グローバルスタイル}"
Ring Jacket,りんぐじゃけっと,Ring Jacket,"{ring jacket,リングジャケット}"
D'URBAN,でゅーばん,D'URBAN,"{d'urban,durban,デュアルバーン}"
五大陸,ごたいりく,Gotairiku,"{gotairiku,五大陸}"
TAKEO KIKUCHI,たけおきくち,Takeo Kikuchi,"{takeo kikuchi,タケオキクチ}"
SADA,さだ,SADA,"{sada,オーダースーツsada}"
FABRIC TOKYO,ふぁぶりっくとうきょう,FABRIC TOKYO,"{fabric tokyo,ファブリックトウキョウ}"
銀座山形屋,ぎんざやまがたや,Ginza Yamagataya,"{ginza yamagataya,銀座山形屋}"
麻布テーラー,あざぶてーらー,azabu tailor,"{azabu tailor,麻布テーラー}"
KASHIYAMA,かしやま,KASHIYAMA,"{kashiyama,カシヤマ}"
UNIVERSAL LANGUAGE,ゆにばーさるらんげーじ,UNIVERSAL LANGUAGE,"{universal language,ユニバーサルランゲージ}"
ONLY,おんりー,ONLY,"{only,オンリー,オンリースーツ}"
SUIT SELECT,すーつせれくと,SUIT SELECT,"{suit select,スーツセレクト}"
TAKA-Q,たかきゅー,TAKA-Q,"{taka-q,taka q,タカキュー}"
DIFFERENCE,でぃふぁれんす,DIFFERENCE,"{difference,ディファレンス}"
MEN'S BIGI,めんずびぎ,MEN'S BIGI,"{men's bigi,mens bigi,メンズビギ}" 